"R.A. Beaver. (1985). Geographical variation in food web structure in Nepenthes pitcher plants. Ecological Entomology, 10, pp. 241-248.",,,,,,,,
Pitcher plant fauna (N. madagascarensis) Madagascar,Theridion sp.,Chloropid (unspecified),Uranotaenia belkini,U. bosseri,U. brunhesi,U. damasei,Creutzeria sp.,bacteria/protozoa
Chloropid (unspecified),1,0,0,0,0,0,0,0
Uranotaenia belkini,1,0,0,0,0,0,0,0
U. bosseri,1,0,0,0,0,0,0,0
U. brunhesi,1,0,0,0,0,0,0,0
U. damasei,1,0,0,0,0,0,0,0
bacteria/protozoa,0,0,1,1,1,1,1,0
live insects,1,0,0,0,0,0,0,0
recently drowned insects,0,1,1,1,1,1,0,1
older organic debris,0,0,0,0,0,0,1,1
