"B.A. Hawkins, and R.D. Goeden. (1984). Organization of a parasitoid community associated with a complex of galls on Atriplex spp. in Southern California. Ecological Entemology, 9, pp. 271-292.",,,,,,,,,,,,,,,,,,,,,,,,,,,,,,,,,,,,
Gall community on A. polycarpa - S. California USA,Phyllobaenus atriplexus,Eupelmid gen. n.,Torymus c. capillaceus,Opius sp.,Spilochalcis sp.,Galeopsomyia sp. C,Pseudocatolaccus guizoti,Platygaster sp. A,Rileya tegularis,Tenuipetiolus medicaginus,Torymus atriplicis,Tetrastichus sp. A,Torymus umbilicatus,Eurytoma sp.,Tetrastichus sp. C,Platygaster sp. B,Lestodiplosis sp.,Galeopsomyia sp. A,Tetrastichus cecidobroter,Gelechiid sp. A,Tricorynus sp.,Acarid sp.,Gelechiid sp. B,Gracilariid sp.,Agathis sp.,Plastanoxus incompletus,Goniozus sp. A,Goniozus sp. B,Chelonus sp.,Arthrocnodax sp.,Anystid sp.,Ophiomyia atriplicis (leaf cluster bud gall maker),Asphondylia sp. A (club stem maker),Asphondylia sp. B (nodular stem gallmaker),Asphondylia sp. C (woody stem maker),Nesolasioptera willistoni (woody/smooth stem maker)
Eupelmid gen. n.,1,0,0,0,0,0,0,0,0,0,0,0,0,0,0,0,0,0,0,0,0,0,0,0,0,0,0,0,0,0,0,0,0,0,0,0
Torymus c. capillaceus,1,1,0,0,0,0,0,0,0,0,0,0,0,0,0,0,0,0,0,0,0,0,0,0,0,0,0,0,0,0,0,0,0,0,0,0
Spilochalcis sp.,1,1,1,0,0,0,0,0,0,0,0,0,0,0,0,0,0,0,0,0,0,0,0,0,0,0,0,0,0,0,0,0,0,0,0,0
Galeopsomyia sp. C,1,1,0,0,0,0,0,0,0,0,0,0,0,0,0,0,0,0,0,0,0,0,0,0,0,0,0,0,0,0,0,0,0,0,0,0
Pseudocatolaccus guizoti,1,1,0,0,0,0,0,0,0,0,0,0,0,0,0,0,0,0,0,0,0,0,0,0,0,0,0,0,0,0,0,0,0,0,0,0
Platygaster sp. A,1,1,0,0,0,0,0,0,0,0,0,0,0,0,0,0,0,0,0,0,0,0,0,0,0,0,0,0,0,0,0,0,0,0,0,0
Rileya tegularis,1,1,1,0,0,0,0,0,0,0,0,0,0,0,0,0,0,0,0,0,0,0,0,0,0,0,0,0,0,0,0,0,0,0,0,0
Tenuipetiolus medicaginus,1,1,0,0,0,0,0,0,0,0,0,0,0,0,0,0,0,0,0,0,0,0,0,0,0,0,0,0,0,0,0,0,0,0,0,0
Torymus atriplicis,1,1,0,0,0,0,0,0,0,0,0,0,0,0,0,0,0,0,0,0,0,0,0,0,0,0,0,0,0,0,0,0,0,0,0,0
Tetrastichus sp. A,1,1,1,0,0,0,0,0,0,0,0,0,0,0,0,0,0,0,0,0,0,0,0,0,0,0,0,0,0,0,0,0,0,0,0,0
Torymus umbilicatus,1,1,0,0,0,0,0,0,0,0,0,0,0,0,0,0,0,0,0,0,0,0,0,0,0,0,0,0,0,0,0,0,0,0,0,0
Eurytoma sp.,0,1,0,0,0,0,0,0,0,0,0,0,0,0,0,0,0,0,0,0,0,0,0,0,0,0,0,0,0,0,0,0,0,0,0,0
Tetrastichus sp. C,0,1,0,0,0,0,0,0,0,0,0,0,0,0,0,0,0,0,0,0,0,0,0,0,0,0,0,0,0,0,0,0,0,0,0,0
Platygaster sp. B,0,1,0,0,0,0,0,0,0,0,0,0,0,0,0,0,0,0,0,0,0,0,0,0,0,0,0,0,0,0,0,0,0,0,0,0
Gelechiid sp. A,0,0,0,0,0,0,0,0,0,0,0,0,0,0,0,0,0,0,0,0,0,0,0,0,1,0,0,0,0,0,0,0,0,0,0,0
Tricorynus sp.,0,0,0,0,0,0,0,0,0,0,0,0,0,0,0,0,0,0,0,0,0,0,0,0,0,1,0,0,0,0,0,0,0,0,0,0
Acarid sp.,0,0,0,0,0,0,0,0,0,0,0,0,0,0,0,0,0,0,0,0,0,0,0,0,0,0,0,0,0,1,1,0,0,0,0,0
Gelechiid sp. B,0,0,0,0,0,0,0,0,0,0,0,0,0,0,0,0,0,0,0,0,0,0,0,0,0,0,1,1,1,0,0,0,0,0,0,0
Ophiomyia atriplicis (leaf cluster bud gall maker),0,0,0,1,0,0,0,0,0,0,0,0,0,0,0,0,0,0,0,0,0,0,0,0,0,0,0,0,0,0,0,0,0,0,0,0
Asphondylia sp. A (club stem maker),0,0,1,0,0,0,0,0,1,1,0,0,0,0,0,0,0,0,0,0,0,0,0,0,0,0,0,0,0,0,0,0,0,0,0,0
Asphondylia sp. B (nodular stem gallmaker),1,1,1,0,0,0,1,0,1,1,1,1,0,0,0,0,0,0,0,0,0,0,0,0,0,0,0,0,0,0,0,0,0,0,0,0
Asphondylia sp. C (woody stem maker),1,0,1,0,1,1,1,1,1,0,1,0,1,0,0,0,0,0,0,0,0,0,0,0,0,0,0,0,0,0,0,0,0,0,0,0
Nesolasioptera willistoni (woody/smooth stem maker),0,1,0,0,0,0,0,0,0,0,0,0,0,1,1,1,1,0,0,0,0,0,0,0,0,0,0,0,0,0,0,0,0,0,0,0
gall tissue (Atriplex polycarpa),0,0,1,0,0,0,0,0,1,0,0,0,0,0,0,0,0,1,1,1,1,1,1,1,0,0,0,0,0,0,0,1,1,1,1,1
