"Beaver, R.A. (1979) Fauna and food webs of pitcher plants in West Malaysia, The Malayan Nature Journal 33(1):1-10.",,,,,,,,,,,,,
Pitcher plants - W. Malaysia - N. Albomargina,Misumenops,Megaselia,Nepenthosyrphus,Endonepenthia,Peirretia,Tripteroides (2 spp.),bacteria - protozoa,Culex (3 spp.) (mosquitos),Dasyhelea,Zwichia (2 spp.),Encyrtid,Toxorhynchites,Lestodiplosis
live insects,1,0,0,0,0,0,0,0,0,0,0,0,0
recently drowned insects,0,1,1,1,1,1,1,0,0,0,0,0,0
older organic debris,0,0,0,0,0,0,0,0,1,1,0,0,0
Endonepenthia,0,0,0,0,0,0,0,0,0,0,1,0,1
Tripteroides (2 spp.),0,0,0,0,0,0,0,0,1,0,0,1,0
bacteria - protozoa,0,0,0,0,0,1,0,1,0,0,0,0,0
Culex (3 spp.) (mosquitos),0,0,0,0,0,0,0,0,0,0,0,1,0
Dasyhelea,0,0,0,0,0,1,0,0,0,0,0,0,1
