"B.A. Hawkins, and R.D. Goeden. (1984). Organization of a parasitoid community associated with a complex of galls on Atriplex spp. in Southern California. Ecological Entemology, 9, pp. 271-292.",,,,,,,,
Club stem galls of Asphondylia on A. polycarpa - S. California - USA,Phyllobaenus atriplexus,Eupelmid n. genus,Torymus c. capillaceus,Rileya tegularis,Tenuipetiolus medicaginus,Tetrastichus sp. A,Tetrastichus cecidobroter,Asphondylia sp. A
Eupelmid n. genus,1,0,0,0,0,0,0,0
Torymus c. capillaceus,1,1,0,0,0,0,0,0
Rileya tegularis,1,1,1,0,0,0,0,0
Tenuipetiolus medicaginus,1,1,0,0,0,0,0,0
Tetrastichus sp. A,1,1,1,0,0,0,0,0
Asphondylia sp. A,0,0,0,1,1,1,0,0
gall tissue (Atriplex polycarpa),0,0,1,0,0,0,1,1
