"Shushkina, E.A. and Vinogradowv, M.E. (1979). Trophic relationships in communities and the functioning of marine ecosystems: II. Some results of investigations on the pelagic ecosystem in tropical regions of the ocean. In: M.J. Dunbar (ed). Marine Production Mechanisms, (International Biological Programme Series, no. 20, Cambridge Univ. Press, Cambridge, England), pp. 251-268. ",,,,,,,
Plankton - oligotrophic tropical Pacific,bacteria,protozoa,nauplii - small sized Euphausiacea - Mysidacea - Hyperiidea - Ostracoda,large sized Euphausiacea - Mysidacea - Hyperiidea - Ostracoda,Cyclopoida,carnivorous Calanoida,Chaetognatha - Polychaeta
detritus,1,1,1,1,0,0,0
phytoplankton,0,0,1,1,1,1,0
bacteria,0,1,1,1,1,0,0
protozoa,0,0,1,1,1,1,1
nauplii - small sized Euphausiacea - Mysidacea - Hyperiidea - Ostracoda,0,0,0,1,1,1,1
large sized Euphausiacea - Mysidacea - Hyperiidea - Ostracoda,0,0,0,0,1,1,1
Cyclopoida,0,0,0,0,0,1,1
carnivorous Calanoida,0,0,0,0,0,0,1
