"R.M. Thompson and C.R. Townsend. (2004). Land-use influences on New Zealand stream communities: effects of species composition, functional organisation, and food-web structure. New Zealand Journal of Marine and Freshwater Research. 38, pp. 595-608.",,,,,,,,,,,,,,,,,,,,,,,,
Control pine stream site - 2 yrs post harvest - New Zealand,Aspectrotanypus,Austroperla cyrene,Austrosimulium,Deleatidium,Hexatomini,Hydora nitida (larva) (Broun),Hydrobiosis parumbripennis,Mischoderus sp.,Nannochorista,Naonella,Neozephlebia,Oligochaeta lumbr blue,Oligochaeta type II,Paracalliope fluviatilis (Thomson),phrea,Paradixa sp.,Paucispinigera approximata (Freeman),Polyplectropus puerilis (McLachlan),Potamopyrgus antipodarum (Gray),Rhabdomastrix sp. ,Sphaerium,Zelandobius spp. nr confusus (Hare),Paranephrops zealandicus (White),galeld
Unidentified detritus,0,4,3,4,3,3,0,3,0,2,3,3,3,2,3,3,2,0,3,3,3,3,3,0
Plant material,3,4,3,2,2,3,0,3,0,2,3,3,3,3,3,3,2,0,3,3,0,3,3,0
Terrestrial invertebrates,0,0,0,0,0,0,0,0,0,0,0,0,0,0,0,0,0,0,0,0,0,0,3,3
Eunotia pectinalis,0,0,0,3,0,2,0,1,0,0,0,1,0,0,1,0,0,0,0,0,0,0,0,0
Achnanthes minutissima,0,0,0,1,0,1,0,0,0,0,0,0,0,0,0,0,0,0,0,0,0,0,0,0
Gomphonema new sp.,0,0,0,0,0,1,0,0,0,0,1,0,0,0,0,0,0,0,0,0,0,0,0,0
Fragilaria vaucheriae,0,0,2,4,0,4,0,2,0,0,3,2,0,0,0,0,0,0,5,1,0,0,0,0
Achnanthes linearis,0,0,0,1,0,2,0,0,0,0,3,0,0,0,0,1,0,0,4,0,0,1,0,0
Gomphonema angustatum,0,0,0,1,0,0,0,0,0,0,0,0,0,0,0,0,0,0,0,0,0,0,0,0
Rhoicosphenia curvata,0,0,0,1,0,0,0,0,0,0,0,0,0,0,0,0,0,0,0,0,0,0,0,0
Pinnularia viridis,0,0,0,1,0,0,0,0,0,0,0,0,0,0,0,0,0,0,1,0,0,0,0,0
Cocconeis placentula,0,0,1,0,0,0,0,0,0,0,0,0,0,0,0,1,0,0,5,0,2,0,0,0
Navicula avenacea,0,0,2,0,0,0,0,0,0,0,1,0,0,0,0,0,0,0,3,0,2,0,0,0
Navicula unk. Sp. A,0,0,0,0,0,0,0,0,0,0,0,0,0,0,0,0,0,0,0,0,0,1,0,0
Blue green algae,0,4,0,0,0,0,0,1,0,0,1,2,0,0,0,0,0,0,0,0,0,0,0,0
Stauroneis,0,0,0,0,0,0,0,0,0,0,0,0,0,0,0,0,0,0,1,0,0,0,0,0
Gyrosigma,0,0,0,0,0,0,0,0,0,0,0,0,0,0,0,0,0,0,1,0,0,0,0,0
Gomphonema intricaturm,0,0,0,0,0,0,0,0,0,0,0,0,0,0,0,0,0,0,1,0,0,0,0,0
Gomphoneis herculeana,0,0,0,0,0,0,0,0,0,0,1,0,0,0,0,0,0,0,0,0,0,0,0,0
Diatoma heimale,0,0,0,0,0,0,0,0,0,0,1,0,0,0,0,0,0,0,0,0,0,0,0,0
Calothrix,0,0,0,0,0,0,0,0,0,0,0,1,0,0,0,0,0,0,0,0,0,0,0,0
Gomphonema sp. 4,0,0,1,0,0,0,0,0,0,0,0,0,0,0,0,0,0,0,0,0,0,0,0,0
Synedra ulna,0,0,2,0,0,0,0,0,0,0,0,0,0,0,0,0,0,0,0,0,0,0,0,0
Surirella elegans,0,0,1,0,0,0,0,0,0,0,0,0,0,0,0,0,0,0,0,0,0,0,0,0
Gomphonema sp. 3,0,0,1,0,0,0,0,0,0,0,0,0,0,0,0,0,0,0,0,0,0,0,0,0
Aspectrotanypus,0,0,0,0,0,0,0,0,0,0,0,0,0,0,0,0,0,0,0,0,0,0,0,3
Austroperla cyrene,0,0,0,0,0,0,0,0,0,0,0,0,0,0,0,0,0,0,0,0,0,0,0,0
Austrosimulium,0,0,0,0,0,0,0,0,0,0,0,0,0,0,0,0,0,0,0,0,0,0,0,4
Deleatidium,0,0,0,0,0,0,0,0,0,0,0,0,0,0,0,0,0,0,0,0,0,0,3,3
Hexatomini,0,0,0,0,0,0,0,0,0,0,0,0,0,0,0,0,0,0,0,0,0,0,0,0
Hydora nitida (larva) (Broun),0,0,0,0,0,0,0,0,0,0,0,0,0,0,0,0,0,0,0,0,0,0,0,0
Hydrobiosis parumbripennis,0,0,0,0,0,0,0,0,0,0,0,0,0,0,0,0,0,0,0,0,0,0,3,0
Mischoderus sp.,0,0,0,0,0,0,0,0,0,0,0,0,0,0,0,0,0,0,0,0,0,0,0,0
Nannochorista,0,0,0,0,0,0,0,0,0,0,0,0,0,0,0,0,0,0,0,0,0,0,0,0
Naonella,0,0,0,0,0,0,0,0,0,0,0,0,0,0,0,0,0,0,0,0,0,0,3,4
Neozephlebia,0,0,0,0,0,0,3,0,0,0,0,0,0,0,0,0,0,0,0,0,0,0,0,3
Oligochaeta lumbr blue,0,0,0,0,0,0,0,0,0,0,0,0,0,0,0,0,0,0,0,0,0,0,0,0
Oligochaeta type II,0,0,0,0,0,0,3,0,3,0,0,0,0,0,0,0,0,3,0,0,0,0,0,0
Paracalliope fluviatilis (Thomson),0,0,0,0,0,0,0,0,0,0,0,0,0,0,0,0,0,0,0,0,0,0,0,0
phrea,0,0,0,0,0,0,0,0,0,0,0,0,0,0,0,0,0,0,0,0,0,0,0,0
Paradixa sp.,0,0,0,0,0,0,0,0,0,0,0,0,0,0,0,0,0,0,0,0,0,0,0,4
Paucispinigera approximata (Freeman),0,0,0,0,0,0,0,0,0,0,0,0,0,0,0,0,0,0,0,0,0,0,0,3
Polyplectropus puerilis (McLachlan),0,0,0,0,0,0,0,0,0,0,0,0,0,0,0,0,0,0,0,0,0,0,3,0
Potamopyrgus antipodarum (Gray),0,0,0,0,0,0,0,0,0,0,0,0,0,0,0,0,0,0,0,0,0,0,3,3
Rhabdomastrix sp. ,0,0,0,0,0,0,0,0,0,0,0,0,0,0,0,0,0,0,0,0,0,0,0,0
Sphaerium,0,0,0,0,0,0,0,0,0,0,0,0,0,0,0,0,0,0,0,0,0,0,0,0
Zelandobius spp. nr confusus (Hare),0,0,0,0,0,0,0,0,0,0,0,0,0,0,0,0,0,0,0,0,0,0,0,0
Paranephrops zealandicus (White),0,0,0,0,0,0,0,0,0,0,0,0,0,0,0,0,0,0,0,0,0,0,0,0
galeld,0,0,0,0,0,0,0,0,0,0,0,0,0,0,0,0,0,0,0,0,0,0,3,0
