"Tavares-Cromar, A.F., and Williams, D.D. (1996). The Importance of Temporal Resolution in Food Web Analysis: Evidence from a Detritus-Based Stream. Ecological Monographs. 66, pp. 91-113.",,,,,,,,,,,,,,,,,,,,,,,,
Duffin Creek - October 1986 - Ontario - Canada,Agnetina capitata (2.0-3.0 mm HCW),Paracapnia angulata (0.4-0.5 mm HCW),Brachyptera fasciata (0.2-0.4 mm HCW),Paragnetina media (0.2-0.3 mm HCW),Ephemerella subvaria (1.0-1.2 mm HCW),Paraleptophlebia adoptiva (0.4-0.6 mm HCW),Baetis tricaudatus (0.2-0.4 mm HCW),Hydropsyche sparna (0.6-0.8 mm HCW),Cheumatopsyche sp. (0.4-0.6 mm HCW),Dolophilodes distinctus (1.0-1.2 mm HCW),Glossosoma nigrior (0.4-0.5 mm HCW),Glossosoma sp. A (0.1-0.2 mm HCW),Promoresia elegans (0.2-0.3 mm HCW),Optioservus fastiditus (0.1-0.2 mm HCW),Thienemanniella sp. (0.0-0.1 mm HCW),Cricotopus sp. (0.0-0.1 mm HCW),Eukieferiella brehmi grp. (0.0-0.1 mm HCW),E. gracei grp. (0.1-0.2 mm HCW),Parametriocnemus sp. (0.0-0.1 mm HCW),Rheosmittia sp. (0.0-0.1 mm HCW),Tanytarsus sp. (0.0-0.1 mm HCW),Rheotanytarsus sp. (0.0-0.1 mm HCW),Stempellina montivaga grp. (0.1-0.2 mm HCW),Nais simplex (2.1-2.7 mm HCW length)
Fungal hyphae,0,1,1,1,1,1,1,1,1,0,1,0,1,1,1,1,1,1,1,0,1,0,1,1
Diatoms,1,1,1,1,1,1,1,1,1,1,1,1,1,1,1,1,1,1,0,1,1,0,1,1
Detritus,1,1,1,1,1,1,1,1,1,1,1,1,1,1,1,1,1,1,1,1,1,1,1,1
Microinorganic particles,1,1,1,1,1,1,1,1,1,1,1,1,1,1,1,1,1,1,1,1,1,1,1,1
Vascular plant material,0,0,0,0,0,0,0,1,0,0,0,0,0,0,0,1,1,1,0,1,1,0,0,0
Other algae,0,0,0,0,0,0,0,0,1,0,0,0,0,0,0,0,0,0,0,0,0,0,0,0
Chitin fragments,0,1,1,1,0,0,0,1,1,0,0,0,0,0,0,0,0,0,0,0,0,0,0,0
Soft body parts,1,0,0,0,0,0,0,0,0,0,0,0,0,0,0,0,0,0,0,0,0,0,0,0
,,,,,,,,,,,,,,,,,,,,,,,,
,,,,,,,,,,,,,,,,,,,,,,,,
,,,,,,,,,,,,,,,,,,,,,,,,
,,,,,,,,,,,,,,,,,,,,,,,,
,,,,,,,,,,,,,,,,,,,,,,,,
,,,,,,,,,,,,,,,,,,,,,,,,
,,,,,,,,,,,,,,,,,,,,,,,,
,,,,,,,,,,,,,,,,,,,,,,,,
,,,,,,,,,,,,,,,,,,,,,,,,
,,,,,,,,,,,,,,,,,,,,,,,,
,,,,,,,,,,,,,,,,,,,,,,,,
,,,,,,,,,,,,,,,,,,,,,,,,
,,,,,,,,,,,,,,,,,,,,,,,,
,,,,,,,,,,,,,,,,,,,,,,,,
,,,,,,,,,,,,,,,,,,,,,,,,
,,,,,,,,,,,,,,,,,,,,,,,,
,,,,,,,,,,,,,,,,,,,,,,,,
,,,,,,,,,,,,,,,,,,,,,,,,
,,,,,,,,,,,,,,,,,,,,,,,,
,,,,,,,,,,,,,,,,,,,,,,,,
,,,,,,,,,,,,,,,,,,,,,,,,
,,,,,,,,,,,,,,,,,,,,,,,,
,,,,,,,,,,,,,,,,,,,,,,,,
,,,,,,,,,,,,,,,,,,,,,,,,
,,,,,,,,,,,,,,,,,,,,,,,,
,,,,,,,,,,,,,,,,,,,,,,,,
