"R.M. Thompson and C.R. Townsend. (2004). Land-use influences on New Zealand stream communities: effects of species composition, functional organisation, and food-web structure. New Zealand Journal of Marine and Freshwater Research. 38, pp. 595-608.",,,,,,,,,,,,,,,,,,,,,,,
Sutton Creek - New Zealand,Aoteapsyche spp.,Aphrophila noevaezelandiae ,Archicauliodes diversus ,Austroclima jollyae,Cricotopus II,Eukiefieriella,Pirara,Naonella,Polypedellum,Tanytarsini,Coloburiscus humeralis,Deleatidium spp.,Helicopsyche albescens ,Hydraena homolaena,Oligochaete Type I,Oligochaete Type II,Olinga feredayi,Podaena sp. (larva),Potamopyrgus antipodarum,Pycnocentrodes spp.,Scrtid sp. (larva),Zelandoperla sp.,Salmo trutta
Unidentifiable detritus,1,1,0,1,1,1,1,1,1,1,1,1,1,1,1,1,1,1,1,1,1,1,0
Macrophytes,1,1,0,0,0,0,0,0,0,0,1,0,0,1,0,0,1,0,0,1,0,0,0
Terrestrial Invertebrates,1,0,0,0,0,0,0,0,0,0,0,0,0,0,0,0,0,0,0,0,0,0,1
Acnanthidium lanceoloata,1,1,0,1,0,0,0,0,0,0,1,1,1,1,1,1,0,1,1,1,0,0,0
Acnanthidium linearis,1,1,0,1,0,0,0,0,0,0,1,1,1,1,1,1,1,1,1,1,0,0,0
Acnanthidium minutissima,0,0,0,0,0,0,0,0,0,0,1,0,0,0,0,0,0,0,1,0,0,0,0
Amphora sp.,0,0,0,0,0,0,0,0,0,0,0,0,0,0,0,1,0,0,0,0,0,0,0
Aucalosira sp.,1,1,0,1,0,0,0,0,0,0,0,1,1,0,1,0,0,0,1,1,0,0,0
Blue green algae spp.,0,0,0,0,0,0,0,0,0,0,0,0,0,0,0,0,0,0,0,0,0,0,0
Cocconeis sp.,1,1,0,1,0,0,0,0,0,0,1,1,1,1,1,1,1,1,1,1,0,0,0
Cyclotella stelligera,1,1,0,1,0,0,0,0,0,0,1,1,1,1,1,1,1,1,1,1,0,0,0
Cymbella aspera,1,1,0,1,0,0,0,0,0,0,0,0,0,1,1,1,0,0,1,0,0,0,0
Cymbella cuspidata,0,0,0,0,0,0,0,0,0,0,0,0,0,0,1,0,1,0,1,0,0,0,0
Cymbella kappii,1,1,0,1,0,0,0,0,0,0,1,0,0,0,1,1,0,1,1,1,0,0,0
Cymbella minuta,1,1,0,1,0,0,0,0,0,0,1,1,1,1,1,1,1,1,0,1,0,0,0
Cymbella sp.,0,0,0,0,0,0,0,0,0,0,0,0,0,0,0,1,0,1,0,0,0,0,0
Diatoma heimale,1,1,0,1,0,0,0,0,0,0,0,1,0,0,1,1,0,1,0,0,0,0,0
Diploneis sp.,0,0,0,0,0,0,0,0,0,0,0,0,0,0,1,0,0,0,0,0,0,0,0
Epithemia sorex,1,1,0,1,0,0,0,0,0,0,1,1,0,1,1,1,0,1,1,1,0,0,0
Epithemia turgida,0,1,0,0,0,0,0,0,0,0,1,1,0,0,0,0,0,0,1,1,0,0,0
Epithemia zebra,1,1,0,1,0,0,0,0,0,0,1,0,0,1,1,0,1,0,0,0,0,0,0
Eunotia miesteri,1,1,0,0,0,0,0,0,0,0,1,0,0,0,0,1,0,0,0,1,0,0,0
Eunotia pectinalis,1,0,0,1,0,0,0,0,0,0,0,0,0,0,1,1,0,0,0,1,0,0,0
Eunotia sp.,1,1,0,1,0,0,0,0,0,0,0,0,0,0,0,1,1,0,0,0,0,0,0
Fragilaria brevistriata,1,0,0,1,0,0,0,0,0,0,0,1,1,1,1,1,1,1,1,1,0,0,0
Fragilaria sp.,1,1,0,1,0,0,0,0,0,0,1,0,0,1,1,1,0,1,1,0,0,0,0
Fragilaria vaucheriae,0,0,0,1,0,0,0,0,0,0,0,0,0,0,0,1,0,0,0,0,0,0,0
Frustulia rhomboides,0,1,0,1,0,0,0,0,0,0,0,0,0,1,0,0,0,1,0,0,0,0,0
Gomphoneis herculeana,0,1,0,0,0,0,0,0,0,0,1,1,0,0,0,1,0,0,1,0,0,0,0
Gomphonema angustatum,1,1,0,1,0,0,0,0,0,0,1,1,1,1,1,1,1,1,1,1,0,0,0
Gomphonema berggreni,0,0,0,0,0,0,0,0,0,0,0,0,0,0,1,0,0,0,1,0,0,0,0
Gomphonema constrictum,1,1,0,0,0,0,0,0,0,0,0,0,0,1,1,1,1,1,0,1,0,0,0
Gomphonema parvulum,1,1,0,1,0,0,0,0,0,0,1,0,0,1,1,1,1,1,1,1,0,0,0
Gomphonema subclavatum,1,1,0,1,0,0,0,0,0,0,1,1,0,1,1,1,1,1,1,1,0,0,0
Gyrosigma spencerii,0,1,0,0,0,0,0,0,0,0,0,0,0,0,0,0,0,0,0,0,0,0,0
Melosira varians,1,1,0,1,0,0,0,0,0,0,0,0,0,0,0,1,0,0,1,1,0,0,0
Meridion circulare,0,1,0,0,0,0,0,0,0,0,0,1,0,0,1,1,0,1,1,0,0,0,0
Navicula avenacea,1,1,0,1,0,0,0,0,0,0,1,1,1,1,1,1,1,1,1,1,0,0,0
Navicula cryptocephala,1,1,0,1,0,0,0,0,0,0,1,1,0,1,1,1,0,1,1,1,0,0,0
Navicula gastrum,0,0,0,0,0,0,0,0,0,0,0,0,0,0,1,1,0,0,0,0,0,0,0
Navicula gregaria,0,1,0,0,0,0,0,0,0,0,1,0,0,0,0,1,0,0,0,0,0,0,0
Navicula hungarica,0,0,0,0,0,0,0,0,0,0,0,0,0,0,0,0,0,0,1,0,0,0,0
Navicula mutica,0,1,0,1,0,0,0,0,0,0,0,0,1,0,0,1,0,0,0,0,0,0,0
Navicula rhynchocephala,0,1,0,1,0,0,0,0,0,0,0,0,0,0,1,1,0,0,0,1,0,0,0
Navicula sp.,0,0,0,0,0,0,0,0,0,0,0,0,0,0,1,0,1,0,1,0,0,0,0
Nitzschia sp. (large),0,1,0,1,0,0,0,0,0,0,1,0,0,1,0,1,0,0,1,1,0,0,0
Nitzschia sp. (small),1,1,0,1,0,0,0,0,0,0,1,1,0,0,1,1,1,1,1,0,0,0,0
Pinnularia mesoleptus,0,1,0,0,0,0,0,0,0,0,1,0,0,0,1,1,0,0,0,1,0,0,0
Pinnularia sp. (large),1,0,0,1,0,0,0,0,0,0,1,0,0,0,1,1,1,1,1,0,0,0,0
Pinnularia viridis,1,1,0,0,0,0,0,0,0,0,1,0,0,0,1,1,1,0,1,0,0,0,0
Rhoicosphenia curvata,1,1,0,1,0,0,0,0,0,0,1,1,0,1,1,1,1,1,1,0,0,0,0
Rhopalodia novae zelandicae,0,0,0,0,0,0,0,0,0,0,0,0,0,0,0,0,0,1,0,0,0,0,0
Surirella sp.,0,1,0,0,0,0,0,0,0,0,1,0,0,0,1,1,0,1,1,0,0,0,0
Surirella sp. (large),1,0,0,1,0,0,0,0,0,0,1,0,0,0,1,0,0,1,1,0,0,0,0
Surirella sp. (small),0,0,0,1,0,0,0,0,0,0,0,0,0,0,1,0,0,0,1,0,0,0,0
Synedra rumpens,1,1,0,1,0,0,0,0,0,0,1,1,0,1,1,1,1,1,1,1,0,0,0
Synedra ulna,1,1,0,1,0,0,0,0,0,0,1,0,0,1,1,1,1,1,1,1,0,0,0
Tabellaria flocculosa,1,1,0,1,0,0,0,0,0,0,1,1,0,1,1,1,0,1,1,1,0,0,0
Aoteapsyche spp.,0,0,0,0,0,0,0,0,0,0,0,0,0,0,0,0,0,0,0,0,0,0,1
Aphrophila noevaezelandiae ,0,0,0,0,0,0,0,0,0,0,0,0,0,0,0,0,0,0,0,0,0,0,1
Archicauliodes diversus ,0,0,0,0,0,0,0,0,0,0,0,0,0,0,0,0,0,0,0,0,0,0,1
Austroclima jollyae,0,0,0,0,0,0,0,0,0,0,0,0,0,0,0,0,0,0,0,0,0,0,1
Austrosimulium australense ,1,0,0,0,0,0,0,0,0,0,0,0,0,0,0,0,0,0,0,0,0,0,1
Ceratopogonid sp.,0,0,0,0,0,0,0,0,0,0,0,0,0,0,0,0,0,0,0,0,0,0,0
Larsia II,0,0,0,0,0,0,0,0,0,0,0,0,0,0,0,0,0,0,0,0,0,0,0
Cricotopus II,0,0,0,0,0,0,0,0,0,0,0,0,0,0,0,0,0,0,0,0,0,0,0
Eukiefieriella,0,0,0,0,0,0,0,0,0,0,0,0,0,0,0,0,0,0,0,0,0,0,0
Larsia I ,0,0,0,0,0,0,0,0,0,0,0,0,0,0,0,0,0,0,0,0,0,0,0
Pirara,1,0,1,0,0,0,0,0,0,0,0,0,0,0,0,0,0,0,0,0,0,0,0
Naonella,0,0,0,0,0,0,0,0,0,0,0,0,0,0,0,0,0,0,0,0,0,0,0
Polypedellum,0,0,0,0,0,0,0,0,0,0,0,0,0,0,0,0,0,0,0,0,0,0,0
Tanytarsini,1,1,0,0,0,0,0,0,0,0,0,0,0,0,0,0,0,0,0,0,0,0,0
Coloburiscus humeralis,0,0,0,0,0,0,0,0,0,0,0,0,0,0,0,0,0,0,0,0,0,0,1
Costachorema xanthoptera,0,0,0,0,0,0,0,0,0,0,0,0,0,0,0,0,0,0,0,0,0,0,1
Deleatidium spp.,0,0,1,0,0,0,0,0,0,0,0,0,0,0,0,0,0,0,0,0,0,0,1
Helicopsyche albescens ,0,0,0,0,0,0,0,0,0,0,0,0,0,0,0,0,0,0,0,0,0,0,1
Hydora nitida (larva),0,0,0,0,0,0,0,0,0,0,0,0,0,0,0,0,0,0,0,0,0,0,1
Hydraena homolaena,0,0,0,0,0,0,0,0,0,0,0,0,0,0,0,0,0,0,0,0,0,0,0
Hydrobiosis parumbripennis,0,0,0,0,0,0,0,0,0,0,0,0,0,0,0,0,0,0,0,0,0,0,1
Hydrobiosis silvicola/clavigera,0,0,0,0,0,0,0,0,0,0,0,0,0,0,0,0,0,0,0,0,0,0,0
Megaleptoperla sp.,0,0,0,0,0,0,0,0,0,0,0,0,0,0,0,0,0,0,0,0,0,0,0
Oligochaete Type I,0,0,0,0,0,0,0,0,0,0,0,0,0,0,0,0,0,0,0,0,0,0,0
Oligochaete Type II,0,0,0,0,0,0,0,0,0,0,0,0,0,0,0,0,0,0,0,0,0,0,0
Olinga feredayi,0,0,0,0,0,0,0,0,0,0,0,0,0,0,0,0,0,0,0,0,0,0,1
Podaena sp. (larva),0,0,0,0,0,0,0,0,0,0,0,0,0,0,0,0,0,0,0,0,0,0,1
Potamopyrgus antipodarum,0,0,0,0,0,0,0,0,0,0,0,0,0,0,0,0,0,0,0,0,0,0,1
Psilachorema bidens,0,0,0,0,0,0,0,0,0,0,0,0,0,0,0,0,0,0,0,0,0,0,1
Pycnocentria spp. ,0,0,0,0,0,0,0,0,0,0,0,0,0,0,0,0,0,0,0,0,0,0,1
Pycnocentrodes spp.,0,0,0,0,0,0,0,0,0,0,0,0,0,0,0,0,0,0,0,0,0,0,1
Scrtid sp. (larva),0,0,0,0,0,0,0,0,0,0,0,0,0,0,0,0,0,0,0,0,0,0,0
Zelandoperla sp.,0,0,0,0,0,0,0,0,0,0,0,0,0,0,0,0,0,0,0,0,0,0,0
Salmo trutta,0,0,0,0,0,0,0,0,0,0,0,0,0,0,0,0,0,0,0,0,0,0,0
