"W. L. Minckley, (1963).  The ecology of a spring stream, Doe Run, Meade County, Kentucky.  Wildl. Monogr. 11, pp:1-124.",,,,,,,,,
Spring stream fauna - Station 1 - Doe Run - Kentucky - USA,Cottus carolinae,Cambarus bartoni,Gammarus minus,G. bousfieldi,Tipula sp. (near nobilis),Asellus bivittatus,Fissidens juliaus,Nasturtium officinale,epiphytic algae
Gammarus minus,1,1,0,0,0,0,0,0,0
G. bousfieldi,1,1,0,0,0,0,0,0,0
Tipula sp. (near nobilis),1,1,0,0,0,0,0,0,0
Asellus bivittatus,1,1,0,0,0,0,0,0,0
Fissidens juliaus,0,1,1,1,1,1,0,0,0
Nasturtium officinale,0,1,1,1,0,0,0,0,0
allochthonous detritus,0,1,0,1,0,0,0,0,0
autochthonous detritus,0,1,1,1,0,1,1,1,1
epiphytic algae,0,1,0,1,1,1,1,0,0
