"Tavares-Cromar, A.F., and Williams, D.D. (1996). The Importance of Temporal Resolution in Food Web Analysis: Evidence from a Detritus-Based Stream. Ecological Monographs. 66, pp. 91-113.",,,,,,,,,,,,,,,,,,,,,,,,
Duffin Creek - April 1986 - Ontario - Canada,Brachyptera fasciata (0.2-0.4 mm HCW),Paragnetina media (0.3-0.4 mm HCW),Ephemerella subvaria (1.6-1.8 mm HCW),Paraleptophlebia adoptiva (0.6-0.8 mm HCW),Baetis tricaudatus (0.4-0.6 mm HCW),Hydropsyche sparna (0.2-0.4 mm HCW),Dolophilodes distinctus (0.0-0.2 mm HCW),Micrasema sp. (0.2-0.3 mm HCW),Glossosoma nigrior (0.4-0.5 mm HCW),Glossosoma sp. A (0.2-0.3 mm HCW),Stemelmis nr. Bicarinata (0.2-0.3 mm HCW),Promoresia elegans (0.3-0.4 mm HCW),Optioservus fastiditus (0.1-0.2 mm HCW),Thienemanniella sp. (0.1-0.2 mm HCW),Cricotopus sp. (0.2-0.3 mm HCW),Eukieferiella brehmi grp. (0.1-0.2 mm HCW),E. gracei grp. (0.1-0.2 mm HCW),Parametriocnemus sp. (0.2-0.3 mm HCW),Rheosmittia sp. (0.1-0.2 mm HCW),Tanytarsus sp. (0.1-0.2 mm HCW),Rheotanytarsus sp. (0.1-0.2 mm HCW),Stempellina montivaga grp. (0.1-0.2 mm HCW),Nais simplex (2.1-2.7 mm HCW length),Antocha sp. (2.0-3.0 mm HCW length)
Fungal hyphae,1,1,1,1,1,1,1,1,1,0,1,1,0,1,1,1,1,1,1,1,1,0,1,1
Diatoms,1,1,1,0,1,1,1,1,1,0,0,1,1,0,1,1,1,0,1,1,0,1,1,0
Detritus,1,1,1,1,1,1,1,1,1,1,1,1,1,1,1,1,1,1,1,1,1,1,1,1
Microinorganic particles,1,1,1,1,1,1,1,1,1,1,1,1,1,1,1,1,1,1,1,1,1,1,1,1
Vascular plant material,0,1,0,0,0,0,0,1,0,0,0,1,0,1,1,1,0,0,1,0,1,0,1,1
Other algae,0,1,0,0,0,0,0,0,0,0,0,0,0,0,0,0,0,0,0,0,0,0,0,0
Chitin fragments,1,1,0,0,0,1,0,1,0,0,0,0,0,0,0,0,0,1,0,0,0,0,0,0
,,,,,,,,,,,,,,,,,,,,,,,,
,,,,,,,,,,,,,,,,,,,,,,,,
,,,,,,,,,,,,,,,,,,,,,,,,
,,,,,,,,,,,,,,,,,,,,,,,,
,,,,,,,,,,,,,,,,,,,,,,,,
,,,,,,,,,,,,,,,,,,,,,,,,
,,,,,,,,,,,,,,,,,,,,,,,,
,,,,,,,,,,,,,,,,,,,,,,,,
,,,,,,,,,,,,,,,,,,,,,,,,
,,,,,,,,,,,,,,,,,,,,,,,,
,,,,,,,,,,,,,,,,,,,,,,,,
,,,,,,,,,,,,,,,,,,,,,,,,
,,,,,,,,,,,,,,,,,,,,,,,,
,,,,,,,,,,,,,,,,,,,,,,,,
,,,,,,,,,,,,,,,,,,,,,,,,
,,,,,,,,,,,,,,,,,,,,,,,,
,,,,,,,,,,,,,,,,,,,,,,,,
,,,,,,,,,,,,,,,,,,,,,,,,
,,,,,,,,,,,,,,,,,,,,,,,,
,,,,,,,,,,,,,,,,,,,,,,,,
,,,,,,,,,,,,,,,,,,,,,,,,
,,,,,,,,,,,,,,,,,,,,,,,,
,,,,,,,,,,,,,,,,,,,,,,,,
,,,,,,,,,,,,,,,,,,,,,,,,
,,,,,,,,,,,,,,,,,,,,,,,,
,,,,,,,,,,,,,,,,,,,,,,,,
,,,,,,,,,,,,,,,,,,,,,,,,
,,,,,,,,,,,,,,,,,,,,,,,,
