"G. Fryer. (1959). The Ttophic interrelationships and ecology of some littoral communities of Lake Nyasa with especial reference to the fishes, and a discussion of the evolution of a group of rock-frequenting Cichlidae. Proceedings of the Zoological Society of London. 132(2), pp. 153-281.",,,,,,,,,,,,,,,,,,,,,,,,,,,,
Crocodile Creek - Malawi,Crocodilus niloticus,juvenile Cichlidae,Barbus innocens,Serranochromis robustus,Naucoris sp.,Clarias mellandi,frogs,Anisopterid larvae,Barbus paludinosus,Alestes imberi,mosquito larvae,Cyclopoid copepods,Zygopterid larvae,Caridina nilotica,Barilius microcephalus,Tilapia shirana - T. saka-squamipinnis,Gyraulus costulatus,Cladocera,Chironomid larvae,caddis larvae,Baetid nymphs,Micronecta,Barbus sp.,Segmentorbis angustus,Limnaea sp.,Haplochromis similis,Clarias mossambicus,Gerrids
frogs,1,0,0,0,0,0,0,0,0,0,0,0,0,0,0,0,0,0,0,0,0,0,0,0,0,0,0,0
Dytiscid beetles,1,0,0,0,0,0,0,0,0,0,0,0,0,0,0,0,0,0,0,0,0,0,0,0,0,0,0,0
Anisopterid larvae,0,0,0,0,1,1,0,0,0,0,0,0,0,0,0,0,0,0,0,0,0,0,0,0,0,0,0,0
mosquito larvae,0,0,0,1,0,0,0,0,0,0,0,0,0,0,0,0,0,0,0,0,0,0,0,0,0,0,0,0
Cyclopoid copepods,0,0,1,1,0,0,0,1,0,0,0,0,0,0,0,1,0,0,0,0,0,0,0,0,0,0,0,0
Caridina nilotica,0,1,0,0,0,0,0,0,0,0,0,0,0,0,0,0,0,0,0,0,0,0,0,0,0,0,0,0
Gyraulus costulatus\,0,0,0,0,1,0,0,0,0,0,0,0,0,0,0,0,0,0,0,0,0,0,0,0,0,0,0,0
Cladocera,0,1,1,1,0,0,0,0,0,0,0,1,0,0,0,0,0,0,0,0,0,0,0,0,0,0,0,0
Chironomid larvae,0,1,1,1,0,0,0,1,0,0,0,0,1,0,0,1,0,0,0,0,0,0,0,0,0,0,0,0
caddis larvae,0,0,0,1,0,0,0,0,1,0,0,0,0,0,0,0,0,0,0,0,0,0,0,0,0,0,0,0
Baetid nymphs,0,0,0,1,0,0,0,0,0,0,0,0,1,0,1,0,0,0,0,0,0,0,0,0,0,0,0,0
bottom algae and detritus,0,1,1,0,0,0,1,0,1,0,1,1,0,1,0,1,1,1,1,1,1,1,0,1,1,1,0,0
higher plants,0,0,0,0,0,0,0,0,1,0,0,0,0,0,0,0,0,0,0,0,0,0,0,0,0,1,1,0
indet. Fishes,0,0,0,0,0,0,0,0,0,0,0,0,0,0,0,0,0,0,0,0,0,0,0,0,0,0,1,0
terrestrial insects,0,0,0,0,0,0,0,0,0,1,0,0,0,0,1,0,0,0,0,0,0,0,1,0,0,0,1,1
