"Cohen, J.E., Jonsson, T., Carpenter, S.R. (2003). Ecological Community Description Using the Food Web, Species Abundance, and Body Size. Proceedings of the National Academy of Sciences of the United States of America. 100, pp. 1781-1786. See also: Jonsson, T., Cohen, J.E., and Carpenter, S.R. (2005). Food Webs, Body Size, and Species Abundance in Ecological Community Description. Advances in Ecological Research. Vol 36. pp. 1-194.",,,,,,,,,,,,,,,,,,,,
Tuesday Lake - 1986,Ankyra judayi,Cryptomonas sp. 1 - Chroococcus dispersus - Chroococcus limneticus - unclassified microflagellates - Chromulina sp. - Selenastrum minutum,Cryptomonas sp. 3 - Cryptomonas sp. 4 - Cosmarium sp. - Dactylococcopsis fascicularis - Dictyosphaerium pulchellum - Dinobryon sertularia - Sphaerocystis schroeteri - Glenodinium pulvisculus - Oocystis sp. 1 - Oocystis sp. 2 - Peridinium pulsillum - Schroederia setigera,Closteriopsis longissimus,Dinobryon bavaricum - Dinobryon cylindricum - Microcystis aeruginosa - Peridinium limbatum - Quadrigula lacustris - Quadrigula sp. 2 - Synedra sp.,Oscillatoria sp.,Ascomorpha eucadis,Conochilus (colonial),Conochiloides dossuarius,Cyclops varians rubellus - Orthocyclops modestus,Diaptomus oregonensis,Daphnia pulex,Daphnia rosea,Gastropus hyptopus - Kellicottia bostoniensis - Kellicottia longispina - Keratella testudo - Polyarthra vulgaris - Trichocerca cylindrica - Trichocerca multicrinis,Gastropus stylifer,Holopedium gibberum,Keratella cochlearis - Synchaeta sp.,Tropocyclops prasinus,Chaoborus punctipennis,Micropterus salmoides
Ankyra judayi,0,0,0,0,0,0,0,0,0,0,0,0,1,0,1,0,0,0,0,0
Cryptomonas sp. 1 - Chroococcus dispersus - Chroococcus limneticus - unclassified microflagellates - Chromulina sp. - Selenastrum minutum,0,0,0,0,0,0,1,1,1,0,1,1,1,1,1,1,1,0,0,0
Cryptomonas sp. 3 - Cryptomonas sp. 4 - Cosmarium sp. - Dactylococcopsis fascicularis - Dictyosphaerium pulchellum - Dinobryon sertularia - Sphaerocystis schroeteri - Glenodinium pulvisculus - Oocystis sp. 1 - Oocystis sp. 2 - Peridinium pulsillum - Schroederia setigera,0,0,0,0,0,0,0,0,0,0,1,1,1,0,0,1,0,0,0,0
Closteriopsis longissimus,0,0,0,0,0,0,0,1,1,0,0,1,0,0,0,0,0,0,0,0
Dinobryon bavaricum - Dinobryon cylindricum - Microcystis aeruginosa - Peridinium limbatum - Quadrigula lacustris - Quadrigula sp. 2 - Synedra sp.,0,0,0,0,0,0,0,0,0,0,0,1,1,0,0,0,0,0,0,0
Oscillatoria sp.,0,0,0,0,0,0,0,0,0,0,0,1,1,0,0,0,0,0,0,0
Ascomorpha eucadis,0,0,0,0,0,0,0,0,0,1,0,1,0,0,0,0,0,0,1,0
Conochilus (colonial),0,0,0,0,0,0,0,0,0,0,0,0,0,0,0,0,0,0,0,0
Conochiloides dossuarius,0,0,0,0,0,0,0,0,0,1,0,0,0,0,0,0,0,1,1,0
Cyclops varians rubellus - Orthocyclops modestus,0,0,0,0,0,0,0,0,0,1,0,0,0,0,0,0,0,1,1,0
Diaptomus oregonensis,0,0,0,0,0,0,0,0,0,1,0,0,0,0,0,0,0,1,1,0
Daphnia pulex,0,0,0,0,0,0,0,0,0,0,0,0,0,0,0,0,0,0,1,1
Daphnia rosea,0,0,0,0,0,0,0,0,0,0,0,0,0,0,0,0,0,0,1,0
Gastropus hyptopus - Kellicottia bostoniensis - Kellicottia longispina - Keratella testudo - Polyarthra vulgaris - Trichocerca cylindrica - Trichocerca multicrinis,0,0,0,0,0,0,0,0,0,1,0,0,0,0,0,0,0,1,1,0
Gastropus stylifer,0,0,0,0,0,0,0,0,0,1,0,0,0,0,0,0,0,1,1,0
Holopedium gibberum,0,0,0,0,0,0,0,0,0,0,0,0,0,0,0,0,0,0,0,1
Keratella cochlearis - Synchaeta sp.,0,0,0,0,0,0,0,0,0,1,0,1,1,0,0,0,0,1,1,0
Tropocyclops prasinus,0,0,0,0,0,0,0,0,0,1,0,0,0,0,0,0,0,1,1,0
Chaoborus punctipennis,0,0,0,0,0,0,0,0,0,0,0,0,0,0,0,0,0,0,1,1
Micropterus salmoides,0,0,0,0,0,0,0,0,0,0,0,0,0,0,0,0,0,0,0,1
