"J. M. Teal. (1962). Energy Flow in the Salt Marsh Ecosystem of Georgia. Ecology, 43(4), pp. 614-624.",,,,
Salt marsh - Georgia,Prokelisia - Orchelimum - other herbivorous insects,spiders - passerines - dragonflies,Uca and Sesarma - Modiolus - Littorina - Oligochaete - Streblospio - Capitella - Manayunkia,Eurytium - clapper rail - raccoon
Spartina,1,0,1,0
Prokelisia - Orchelimum - other herbivorous insects,0,1,0,0
algae,0,0,1,0
bacteria,0,0,1,0
Uca and Sesarma - Modiolus - Littorina - Oligochaete - Streblospio - Capitella - Manayunkia,0,0,0,1
