"Saldanha, L. (1980). Estudio Ambiental do Estuario do Tejo, Publ. no. 5(4) (CAN/Tejo, Lisbon).",,,,,,,,,,,,,,,,,,,,,,,,,
Tagus estuary - Portugal,Mysidacea,Copepoda,Chelon labrosus - Liza ramada - L. aurata,Crassostrea angulata,Scrobicularia plana - Cerastoderma,Mytilus galloprovincialis,bacteria,Gammaridae,Corophium,Cirratulidae - Capitellidae - Maldanidae,meiofauna,Engraulis encrasicolus,Sardina pilchardus,Clupeidae,Carcinus maenas,Crangon crangon,Nereis diversicolor,Pomatoschistus minutus,Conger conger,Trigla lucerna,Solea vulgaris,Nereis succinea,Dicentrarchus labrax,Ciliata mustela,birds
phytoplankton,1,1,0,0,0,0,0,0,0,0,0,0,0,0,0,0,0,0,0,0,0,0,0,0,0
Ulva - Enteromorpha,0,0,1,0,0,0,0,0,0,0,0,0,0,0,0,0,0,0,0,0,0,0,0,0,0
suspended detritus,0,0,1,1,1,1,1,0,0,0,0,0,0,0,0,0,0,0,0,0,0,0,0,0,0
sedimented detritus,0,0,1,0,0,0,1,1,1,1,1,0,0,0,1,1,1,0,0,0,0,1,0,0,0
Mysidacea,0,0,0,0,0,0,0,0,0,0,0,1,1,1,0,0,0,0,0,0,0,0,0,1,0
Copepoda,0,0,0,0,0,0,0,0,0,0,0,1,1,1,0,0,0,0,0,0,0,0,0,0,0
Scrobicularia plana - Cerastoderma,0,0,0,0,0,0,0,0,0,0,0,0,0,0,0,0,0,0,0,0,0,0,0,0,1
Mytilus galloprovincialis,0,0,0,0,0,0,0,0,0,0,0,0,0,0,1,0,0,0,0,0,0,0,0,1,0
Gammaridae,0,0,0,0,0,0,0,0,0,0,0,0,0,0,0,0,0,0,0,1,0,0,0,1,0
Corophium,0,0,0,0,0,0,0,0,0,0,0,0,0,0,0,0,0,0,0,0,0,0,0,1,0
Cirratulidae - Capitellidae - Maldanidae,0,0,0,0,0,0,0,0,0,0,0,0,0,0,0,0,0,1,1,1,1,0,0,1,0
meiofauna,0,0,0,0,0,0,0,0,0,0,0,0,0,0,0,1,1,0,0,0,0,1,0,0,0
Engraulis encrasicolus,0,0,0,0,0,0,0,0,0,0,0,0,0,0,0,0,0,0,1,0,0,0,0,0,1
Sardina pilchardus,0,0,0,0,0,0,0,0,0,0,0,0,0,0,0,0,0,0,1,0,0,0,1,0,1
Clupeidae,0,0,0,0,0,0,0,0,0,0,0,0,0,0,0,0,0,0,0,0,0,0,1,0,1
Carcinus maenas,0,0,0,0,0,0,0,0,0,0,0,0,0,0,0,0,0,0,1,1,0,0,1,1,0
Crangon crangon,0,0,0,0,0,0,0,0,0,0,0,0,0,0,0,0,0,1,1,1,1,0,1,1,0
Nereis diversicolor,0,0,0,0,0,0,0,0,0,0,0,0,0,0,0,0,0,1,1,1,1,0,0,1,0
Pomatoschistus minutus,0,0,0,0,0,0,0,0,0,0,0,0,0,0,0,0,0,0,0,1,0,0,0,1,1
Conger conger,0,0,0,0,0,0,0,0,0,0,0,0,0,0,0,0,0,0,0,0,0,0,0,1,1
Trigla lucerna,0,0,0,0,0,0,0,0,0,0,0,0,0,0,0,0,0,0,0,0,0,0,0,1,1
Solea vulgaris,0,0,0,0,0,0,0,0,0,0,0,0,0,0,0,0,0,0,0,0,0,0,0,1,1
Nereis succinea,0,0,0,0,0,0,0,0,0,0,0,0,0,0,0,0,0,0,0,0,0,0,1,1,0
Ciliata mustela,0,0,0,0,0,0,0,0,0,0,0,0,0,0,0,0,0,0,0,0,0,0,0,0,1
