"Kitazawa, Y. (1977) Ecosystem metabolism of the subalpine coniferous forest of the Shigayama IBP Area. In: Y. Kitazawa (ed), Ecosystem Analysis of the Subalpine Coniferous Forest of the Shigayama IBP Area, Central Japan. (Japanese Committee for the International Biological Program Synthesis, Tokyo), 15:181-196.",,,,,,,,
Shigayama Coniferous forest - Japan,bacteria - fungi,defoliating invertebrates - small rodents,decomposing soil fauna,bacterial and fungal feeders,predatory invertebrates,predatory soil invertebrates,birds,insectivores
soil organic matter,1,0,1,0,0,0,0,0
leaves,0,1,0,0,0,0,0,0
bacteria - fungi,0,0,1,1,0,0,0,0
defoliating invertebrates - small rodents,0,0,0,0,1,0,1,0
decomposing soil fauna,0,0,0,0,0,1,0,1
bacterial and fungal feeders,0,0,0,0,0,1,0,1
predatory invertebrates,0,0,0,0,0,0,1,0
predatory soil invertebrates,0,0,0,0,0,0,0,1
