"Brown, J. (1975). Ecological investigations of the Tundra biome in the Prudhow Bay Region, Alaska, Speical Report, no. 2, Biol. Pap. Univ. Alaska.",,,,,,,,
Tundra - Prudhoe - Alaska,bacteria - fungi,adult flies,waterfowl - lemmings - squirrels,caribou,fly larvae,owls - jaegers - fox - weasels,beetles - spiders,sandpipers
grasses - sedges - willows,0,1,1,1,0,0,0,0
decaying organic matter,1,0,0,0,1,0,0,0
bacteria - fungi,0,0,0,0,1,0,0,0
adult flies,0,0,0,0,0,0,1,1
waterfowl - lemmings - squirrels,0,0,0,0,0,1,0,0
fly larvae,0,0,0,0,0,0,1,1
beetles - spiders,0,0,0,0,0,0,0,1
